-- phpMyAdmin SQL Dump
-- version 5.0.3
-- https://www.phpmyadmin.net/
--
-- Host: 127.0.0.1
-- Generation Time: Sep 08, 2022 at 11:32 AM
-- Server version: 10.4.14-MariaDB
-- PHP Version: 7.2.34

SET SQL_MODE = "NO_AUTO_VALUE_ON_ZERO";
START TRANSACTION;
SET time_zone = "+00:00";


/*!40101 SET @OLD_CHARACTER_SET_CLIENT=@@CHARACTER_SET_CLIENT */;
/*!40101 SET @OLD_CHARACTER_SET_RESULTS=@@CHARACTER_SET_RESULTS */;
/*!40101 SET @OLD_COLLATION_CONNECTION=@@COLLATION_CONNECTION */;
/*!40101 SET NAMES utf8mb4 */;

--
-- Database: `db_ecommerce`
--

-- --------------------------------------------------------

--
-- Table structure for table `messagein`
--

DROP TABLE IF EXISTS `messagein`;
CREATE TABLE `messagein` (
  `Id` int(11) NOT NULL,
  `SendTime` datetime DEFAULT NULL,
  `ReceiveTime` datetime DEFAULT NULL,
  `MessageFrom` varchar(80) DEFAULT NULL,
  `MessageTo` varchar(80) DEFAULT NULL,
  `SMSC` varchar(80) DEFAULT NULL,
  `MessageText` text DEFAULT NULL,
  `MessageType` varchar(80) DEFAULT NULL,
  `MessageParts` int(11) DEFAULT NULL,
  `MessagePDU` text DEFAULT NULL,
  `Gateway` varchar(80) DEFAULT NULL,
  `UserId` varchar(80) DEFAULT NULL
) ENGINE=InnoDB DEFAULT CHARSET=utf8mb4;

--
-- Dumping data for table `messagein`
--

INSERT INTO `messagein` (`Id`, `SendTime`, `ReceiveTime`, `MessageFrom`, `MessageTo`, `SMSC`, `MessageText`, `MessageType`, `MessageParts`, `MessagePDU`, `Gateway`, `UserId`) VALUES
(1, '2017-11-02 05:19:29', NULL, '211', '+60155235027', NULL, '0B05040B8423F00003FB0302,870906890101C651018715060350524F585932000187070603534D415254204D4D530001C65201872F060350524F5859325F3100018720060331302E3130322E36312E343600018721068501872206034E4150475052535F320001C6530187230603383038300001010101C600015501873606037734000187070603534D4152', NULL, NULL, NULL, NULL, NULL),
(2, '2017-11-02 05:19:34', NULL, '211', '+60105235027', NULL, '0B05040B8423F00003FB0303,54204D4D5300018739060350524F585932000187340603687474703A2F2F31302E3130322E36312E3233383A383030322F00010101', NULL, NULL, NULL, NULL, NULL),
(3, '2017-11-02 05:19:14', NULL, '211', '+601455565', NULL, '0B05040B8423F00003FA0201,6C062F1F2DB69180923646443032463643313042394231363544354242413143304143413232424334343239453236423600030B6A00C54503312E310001C6560187070603534D41525420494E5445524E4554000101C65501871106034E4150475052535F330001871006AB0187070603534D41525420494E5445524E455400', NULL, NULL, NULL, NULL, NULL);

-- --------------------------------------------------------

--
-- Table structure for table `messagelog`
--

DROP TABLE IF EXISTS `messagelog`;
CREATE TABLE `messagelog` (
  `Id` int(11) NOT NULL,
  `SendTime` datetime DEFAULT NULL,
  `ReceiveTime` datetime DEFAULT NULL,
  `StatusCode` int(11) DEFAULT NULL,
  `StatusText` varchar(80) DEFAULT NULL,
  `MessageTo` varchar(80) DEFAULT NULL,
  `MessageFrom` varchar(80) DEFAULT NULL,
  `MessageText` text DEFAULT NULL,
  `MessageType` varchar(80) DEFAULT NULL,
  `MessageId` varchar(80) DEFAULT NULL,
  `ErrorCode` varchar(80) DEFAULT NULL,
  `ErrorText` varchar(80) DEFAULT NULL,
  `Gateway` varchar(80) DEFAULT NULL,
  `MessageParts` int(11) DEFAULT NULL,
  `MessagePDU` text DEFAULT NULL,
  `Connector` varchar(80) DEFAULT NULL,
  `UserId` varchar(80) DEFAULT NULL,
  `UserInfo` text DEFAULT NULL
) ENGINE=InnoDB DEFAULT CHARSET=utf8mb4;

--
-- Dumping data for table `messagelog`
--

INSERT INTO `messagelog` (`Id`, `SendTime`, `ReceiveTime`, `StatusCode`, `StatusText`, `MessageTo`, `MessageFrom`, `MessageText`, `MessageType`, `MessageId`, `ErrorCode`, `ErrorText`, `Gateway`, `MessageParts`, `MessagePDU`, `Connector`, `UserId`, `UserInfo`) VALUES
(1, '2018-01-27 20:38:08', NULL, 300, NULL, '09305235027', 'Hello There', NULL, NULL, '', NULL, NULL, NULL, NULL, NULL, NULL, NULL, NULL),
(2, '2018-01-27 20:39:06', NULL, 300, NULL, '09305235027', 'Hello There', NULL, NULL, '', NULL, NULL, NULL, NULL, NULL, NULL, NULL, NULL),
(3, '2018-01-27 20:49:14', NULL, 300, NULL, '09305235027', 'Hi Miss', NULL, NULL, '', NULL, NULL, NULL, NULL, NULL, NULL, NULL, NULL),
(4, '2018-01-27 20:50:56', NULL, 300, NULL, '09508767867', 'Hi Man', NULL, NULL, '', NULL, NULL, NULL, NULL, NULL, NULL, NULL, NULL),
(5, '2018-02-09 17:52:26', NULL, 300, NULL, '09486457414', 'Test to send', NULL, NULL, '', NULL, NULL, NULL, NULL, NULL, NULL, NULL, NULL),
(6, '2018-02-09 17:54:27', NULL, 300, NULL, '09486457414', 'Test to send', NULL, NULL, '', NULL, NULL, NULL, NULL, NULL, NULL, NULL, NULL),
(7, '2018-02-09 17:55:11', NULL, 300, NULL, '09486457414', 'Test to send', NULL, NULL, '', NULL, NULL, NULL, NULL, NULL, NULL, NULL, NULL),
(8, '2018-02-09 17:59:11', NULL, 300, NULL, '09486457414', 'Test to send', NULL, NULL, '', NULL, NULL, NULL, NULL, NULL, NULL, NULL, NULL),
(9, '2018-02-09 18:00:12', NULL, 200, NULL, '+125555888', 'yes', NULL, NULL, '', NULL, NULL, NULL, NULL, NULL, NULL, NULL, NULL),
(10, '2018-02-09 18:01:12', NULL, 200, NULL, '+60111111111', 'Test to send', NULL, NULL, '', NULL, NULL, NULL, NULL, NULL, NULL, NULL, NULL),
(11, '2018-02-09 18:02:58', NULL, 200, NULL, '+6036457414', 'FROM JANNO : Confirmed', NULL, NULL, '', NULL, NULL, NULL, NULL, NULL, NULL, NULL, NULL),
(15, '2018-04-01 22:17:34', NULL, 300, NULL, '09123586545', 'Your code is .6048', NULL, NULL, '', NULL, NULL, NULL, NULL, NULL, NULL, NULL, NULL),
(16, '2018-04-01 22:18:20', NULL, 300, NULL, '09123586545', 'Your code is .9305', NULL, NULL, '', NULL, NULL, NULL, NULL, NULL, NULL, NULL, NULL),
(17, '2018-04-01 22:20:15', NULL, 300, NULL, '09123586545', 'Your code is .2924', NULL, NULL, '', NULL, NULL, NULL, NULL, NULL, NULL, NULL, NULL),
(18, '2018-04-01 22:42:36', NULL, 300, NULL, '09123586545', 'Your code is .6938', NULL, NULL, '', NULL, NULL, NULL, NULL, NULL, NULL, NULL, NULL),
(19, '2018-04-02 00:40:53', NULL, 300, NULL, '9956112920', 'Your code is .7290', NULL, NULL, '', NULL, NULL, NULL, NULL, NULL, NULL, NULL, NULL),
(20, '2018-04-02 00:42:14', NULL, 300, NULL, '9956112920', 'Your code is .4506', NULL, NULL, '', NULL, NULL, NULL, NULL, NULL, NULL, NULL, NULL),
(21, '2018-04-02 00:43:46', NULL, 300, NULL, '9956112920', 'Your code is .4506', NULL, NULL, '', NULL, NULL, NULL, NULL, NULL, NULL, NULL, NULL),
(22, '2018-04-02 00:45:56', NULL, 300, NULL, '09956112920', 'Your code is .6988', NULL, NULL, '', NULL, NULL, NULL, NULL, NULL, NULL, NULL, NULL),
(26, '2018-04-02 00:53:32', NULL, 200, NULL, '639956112920', 'Your code is', NULL, NULL, '1:639956112920:131', NULL, NULL, NULL, NULL, NULL, NULL, NULL, NULL),
(27, '2018-04-02 00:54:43', NULL, 200, NULL, '639956112920', 'Your code is 3407', NULL, NULL, '1:639956112920:132', NULL, NULL, NULL, NULL, NULL, NULL, NULL, NULL);

-- --------------------------------------------------------

--
-- Table structure for table `messageout`
--

DROP TABLE IF EXISTS `messageout`;
CREATE TABLE `messageout` (
  `Id` int(11) NOT NULL,
  `MessageTo` varchar(80) DEFAULT NULL,
  `MessageFrom` varchar(80) DEFAULT NULL,
  `MessageText` text DEFAULT NULL,
  `MessageType` varchar(80) DEFAULT NULL,
  `Gateway` varchar(80) DEFAULT NULL,
  `UserId` varchar(80) DEFAULT NULL,
  `UserInfo` text DEFAULT NULL,
  `Priority` int(11) DEFAULT NULL,
  `Scheduled` datetime DEFAULT NULL,
  `ValidityPeriod` int(11) DEFAULT NULL,
  `IsSent` tinyint(1) NOT NULL DEFAULT 0,
  `IsRead` tinyint(1) NOT NULL DEFAULT 0
) ENGINE=InnoDB DEFAULT CHARSET=utf8mb4;

-- --------------------------------------------------------

--
-- Table structure for table `tblautonumber`
--

DROP TABLE IF EXISTS `tblautonumber`;
CREATE TABLE `tblautonumber` (
  `ID` int(11) NOT NULL,
  `AUTOSTART` varchar(11) NOT NULL,
  `AUTOINC` int(11) NOT NULL,
  `AUTOEND` int(11) NOT NULL,
  `AUTOKEY` varchar(12) NOT NULL,
  `AUTONUM` int(30) NOT NULL
) ENGINE=InnoDB DEFAULT CHARSET=latin1;

--
-- Dumping data for table `tblautonumber`
--

INSERT INTO `tblautonumber` (`ID`, `AUTOSTART`, `AUTOINC`, `AUTOEND`, `AUTOKEY`, `AUTONUM`) VALUES
(1, '2017', 1, 52, 'PROID', 10),
(2, '0', 1, 102, 'ordernumber', 0);

-- --------------------------------------------------------

--
-- Table structure for table `tblcategory`
--

DROP TABLE IF EXISTS `tblcategory`;
CREATE TABLE `tblcategory` (
  `CATEGID` int(11) NOT NULL,
  `CATEGORIES` varchar(255) NOT NULL,
  `USERID` int(11) NOT NULL
) ENGINE=InnoDB DEFAULT CHARSET=latin1;

--
-- Dumping data for table `tblcategory`
--

INSERT INTO `tblcategory` (`CATEGID`, `CATEGORIES`, `USERID`) VALUES
(5, 'SHOES', 0),
(11, 'BAGS', 0),
(12, 'CLOTHING', 0),
(13, 'INTERIORS', 0),
(14, 'HOUSEHOLDS', 0),
(15, 'FASHION', 0),
(16, 'KIDS', 0),
(17, 'WOMENS', 0),
(18, 'MENS', 0),
(19, 'SPORTSWEAR', 0);

-- --------------------------------------------------------

--
-- Table structure for table `tblcustomer`
--

DROP TABLE IF EXISTS `tblcustomer`;
CREATE TABLE `tblcustomer` (
  `CUSTOMERID` int(11) NOT NULL,
  `FNAME` varchar(30) NOT NULL,
  `LNAME` varchar(30) NOT NULL,
  `MNAME` varchar(30) NOT NULL,
  `CUSHOMENUM` varchar(90) NOT NULL,
  `STREETADD` text NOT NULL,
  `BRGYADD` text NOT NULL,
  `CITYADD` text NOT NULL,
  `PROVINCE` varchar(80) NOT NULL,
  `COUNTRY` varchar(30) NOT NULL,
  `DBIRTH` date NOT NULL,
  `GENDER` varchar(10) NOT NULL,
  `PHONE` varchar(20) NOT NULL,
  `EMAILADD` varchar(40) NOT NULL,
  `ZIPCODE` int(6) NOT NULL,
  `CUSUNAME` varchar(20) NOT NULL,
  `CUSPASS` varchar(90) NOT NULL,
  `CUSPHOTO` varchar(255) NOT NULL,
  `TERMS` tinyint(4) NOT NULL,
  `DATEJOIN` date NOT NULL
) ENGINE=InnoDB DEFAULT CHARSET=latin1;

--
-- Dumping data for table `tblcustomer`
--

INSERT INTO `tblcustomer` (`CUSTOMERID`, `FNAME`, `LNAME`, `MNAME`, `CUSHOMENUM`, `STREETADD`, `BRGYADD`, `CITYADD`, `PROVINCE`, `COUNTRY`, `DBIRTH`, `GENDER`, `PHONE`, `EMAILADD`, `ZIPCODE`, `CUSUNAME`, `CUSPASS`, `CUSPHOTO`, `TERMS`, `DATEJOIN`) VALUES
(1, 'janobe', 'tan', '', '456', '12533', '', 'korea', 'gangnam', 'Korea', '0000-00-00', 'Male', '0128888803', '', 6111, 'kenjie@yahoo.com', '1dd4efc811372cd1efe855981a8863d10ddde1ca', 'customer_image/a1157016c5d8272126380b27a59e2e7e.jpg', 1, '2015-11-26'),
(3, 'Jano', 'tan', '', '12312', '321568', '', 'Petaling Jaya', 'Selangor', 'Malaysia', '0000-00-00', 'Male', '21312312312', '', 6111, 'jan', '53199fa57fdf5676d03d89fbdd26e69a927766fc', 'customer_image/Tropical-Beach-Wallpaper.jpg', 1, '2017-12-08'),
(4, 'Jamei', 'koh', '', '', '', '', 'KL city', '', '', '0000-00-00', 'Female', '362656556', '', 0, 'jame', 'f144dcce05af4d40fa0aeba34b05f4472472a4de', 'customer_image/1351064148bpguarhW.jpg', 1, '2018-01-23'),
(5, 'Kamal', 'jamal', '', '', '', '', 'KL City', '', '', '0000-00-00', 'Male', '+03', '', 0, 'bebe', 'd079a1c06803587ea09bff3f44a567e19169e7b5', '', 1, '2018-02-09'),
(6, 'Janry', 'Tan', '', '', '', '', 'KL City', '', '', '0000-00-00', 'Male', '0234234', '', 0, 'jan', '0271c5467994a9e88e01be5b7e1f5f43d0ab93d2', '', 1, '2018-04-01'),
(7, 'Jake', 'Henry', '', '', '', '', 'Petaling Jaya', '', '', '0000-00-00', 'Male', '6012876541', '', 0, 'jake', '403ba16f713c8371eef121530a922824be29b68a', '', 1, '2018-04-16'),
(8, 'Jake', 'Tam', '', '', '', '', 'Seremban', '', '', '0000-00-00', 'Male', '021312312', '', 0, 'j', '30e1fe53111f7e583c382596a32885fd27283970', '', 1, '2018-09-23'),
(9, 'Annie', 'James', '', '', '', '', 'Seremban', '', '', '0000-00-00', 'Female', '12312312', '', 0, 'an', 'aa46142b604e671794a84129896d4dec508dec81', 'customer_image/shirt2.jpg', 1, '2019-08-20'),
(13, 'Arash', 'dddd', '', '', '', '', 'Petaling Jaya', '', '', '0000-00-00', 'Male', '0128500317', '', 0, 'dandan', '9a6eb2faf1f80f2314bf86b04a56b4d2bbea8b74', 'customer_image/Untitled.png', 1, '2022-08-29'),
(14, 'Arash', 'ssss', '', '', '', '', 'Petaling Jaya', '', '', '0000-00-00', 'Male', '0128500317', '', 0, 'dandan', '9a6eb2faf1f80f2314bf86b04a56b4d2bbea8b74', '', 1, '2022-08-29'),
(15, 'Arash', 'dddd', '', '', '', '', 'Petaling Jaya', '', '', '0000-00-00', 'Male', '0128500317', '', 0, 'Arash', '9a6eb2faf1f80f2314bf86b04a56b4d2bbea8b74', 'customer_image/200124103_4025213340848359_5046820014257945710_n.jpg', 1, '2022-08-30');

-- --------------------------------------------------------

--
-- Table structure for table `tblorder`
--

DROP TABLE IF EXISTS `tblorder`;
CREATE TABLE `tblorder` (
  `ORDERID` int(11) NOT NULL,
  `PROID` int(11) NOT NULL,
  `ORDEREDQTY` int(11) NOT NULL,
  `ORDEREDPRICE` double NOT NULL,
  `ORDEREDNUM` int(11) NOT NULL,
  `USERID` int(11) NOT NULL
) ENGINE=InnoDB DEFAULT CHARSET=latin1;

--
-- Dumping data for table `tblorder`
--

INSERT INTO `tblorder` (`ORDERID`, `PROID`, `ORDEREDQTY`, `ORDEREDPRICE`, `ORDEREDNUM`, `USERID`) VALUES
(1, 201737, 4, 476, 93, 0),
(2, 201740, 3, 447, 93, 0),
(3, 201738, 1, 199, 94, 0),
(4, 201740, 1, 149, 95, 0),
(5, 201737, 1, 119, 96, 0),
(6, 201739, 1, 289, 96, 0),
(7, 201737, 1, 119, 97, 0),
(8, 201739, 1, 289, 97, 0),
(9, 201737, 1, 119, 99, 0),
(10, 201737, 1, 79.99, 101, 0);

-- --------------------------------------------------------

--
-- Table structure for table `tblproduct`
--

DROP TABLE IF EXISTS `tblproduct`;
CREATE TABLE `tblproduct` (
  `PROID` int(11) NOT NULL,
  `PRODESC` varchar(255) DEFAULT NULL,
  `INGREDIENTS` varchar(255) NOT NULL,
  `PROQTY` int(11) DEFAULT NULL,
  `ORIGINALPRICE` double NOT NULL,
  `PROPRICE` double DEFAULT NULL,
  `CATEGID` int(11) DEFAULT NULL,
  `IMAGES` varchar(255) DEFAULT NULL,
  `PROSTATS` varchar(30) DEFAULT NULL,
  `OWNERNAME` varchar(90) NOT NULL,
  `OWNERPHONE` varchar(90) NOT NULL
) ENGINE=InnoDB DEFAULT CHARSET=latin1;

--
-- Dumping data for table `tblproduct`
--

INSERT INTO `tblproduct` (`PROID`, `PRODESC`, `INGREDIENTS`, `PROQTY`, `ORIGINALPRICE`, `PROPRICE`, `CATEGID`, `IMAGES`, `PROSTATS`, `OWNERNAME`, `OWNERPHONE`) VALUES
(201737, 'Korean Casual Dress                                         ', '', 1, 100, 79.99, 12, 'uploaded_photos/korean.jpeg', 'Available', 'sky', ''),
(201738, 'korean fashion boho summer ', '', 3, 150, 189.69, 12, 'uploaded_photos/terno.jpg', 'Available', 'sky', ''),
(201739, 'Denim Pants STRETCHABLE Skinny Black/Blue', '', 3, 250, 289, 18, 'uploaded_photos/jeans.jpg', 'Available', 'sky', ''),
(201740, 'Men`S Casual Short Sleeve Round neck Top', '', 0, 100, 149, 18, 'uploaded_photos/shirt.jpg', 'Available', 'sky', ''),
(201741, 'BESTSELLER TOPS TSHIRT FOR MEN', '', 4, 50, 89, 18, 'uploaded_photos/shirt2.jpg', 'Available', 'sky', ''),
(201742, 'Simple CoatRack Bedroom Wardrobe (Gray)', '', 4, 250, 287, 14, 'uploaded_photos/bed.jpeg', 'Available', 'sky', ''),
(201751, 'New Arrival', '', 15, 500, 399, 19, 'uploaded_photos/screen-shot-2022-04-28-at-1-37-58-pm.png', 'Available', 'Sky', '0128500317');

-- --------------------------------------------------------

--
-- Table structure for table `tblpromopro`
--

DROP TABLE IF EXISTS `tblpromopro`;
CREATE TABLE `tblpromopro` (
  `PROMOID` int(11) NOT NULL,
  `PROID` int(11) NOT NULL,
  `PRODISCOUNT` double NOT NULL,
  `PRODISPRICE` double NOT NULL,
  `PROBANNER` tinyint(4) NOT NULL,
  `PRONEW` tinyint(4) NOT NULL
) ENGINE=InnoDB DEFAULT CHARSET=latin1;

--
-- Dumping data for table `tblpromopro`
--

INSERT INTO `tblpromopro` (`PROMOID`, `PROID`, `PRODISCOUNT`, `PRODISPRICE`, `PROBANNER`, `PRONEW`) VALUES
(1, 201737, 20, 95.2, 1, 0),
(2, 201738, 0, 199, 0, 0),
(3, 201739, 0, 289, 0, 0),
(4, 201740, 0, 149, 0, 0),
(5, 201741, 0, 89, 0, 0),
(6, 201742, 0, 287, 0, 0),
(13, 201749, 0, 189, 0, 0),
(15, 201751, 0, 399, 0, 0);

-- --------------------------------------------------------

--
-- Table structure for table `tblsetting`
--

DROP TABLE IF EXISTS `tblsetting`;
CREATE TABLE `tblsetting` (
  `SETTINGID` int(11) NOT NULL,
  `PLACE` text NOT NULL,
  `BRGY` varchar(90) NOT NULL,
  `DELPRICE` double NOT NULL
) ENGINE=InnoDB DEFAULT CHARSET=latin1;

--
-- Dumping data for table `tblsetting`
--

INSERT INTO `tblsetting` (`SETTINGID`, `PLACE`, `BRGY`, `DELPRICE`) VALUES
(1, 'Korea', '', 50),
(2, 'Petaling Jaya City', '', 70);

-- --------------------------------------------------------

--
-- Table structure for table `tblstockin`
--

DROP TABLE IF EXISTS `tblstockin`;
CREATE TABLE `tblstockin` (
  `STOCKINID` int(11) NOT NULL,
  `STOCKDATE` datetime DEFAULT NULL,
  `PROID` int(11) DEFAULT NULL,
  `STOCKQTY` int(11) DEFAULT NULL,
  `STOCKPRICE` double DEFAULT NULL,
  `USERID` int(11) DEFAULT NULL
) ENGINE=InnoDB DEFAULT CHARSET=latin1;

-- --------------------------------------------------------

--
-- Table structure for table `tblsummary`
--

DROP TABLE IF EXISTS `tblsummary`;
CREATE TABLE `tblsummary` (
  `SUMMARYID` int(11) NOT NULL,
  `ORDEREDDATE` datetime NOT NULL,
  `CUSTOMERID` int(11) NOT NULL,
  `ORDEREDNUM` int(11) NOT NULL,
  `DELFEE` double NOT NULL,
  `PAYMENT` double NOT NULL,
  `PAYMENTMETHOD` varchar(30) NOT NULL,
  `ORDEREDSTATS` varchar(30) NOT NULL,
  `ORDEREDREMARKS` varchar(125) NOT NULL,
  `CLAIMEDADTE` datetime NOT NULL,
  `HVIEW` tinyint(4) NOT NULL,
  `USERID` int(11) NOT NULL
) ENGINE=InnoDB DEFAULT CHARSET=latin1;

--
-- Dumping data for table `tblsummary`
--

INSERT INTO `tblsummary` (`SUMMARYID`, `ORDEREDDATE`, `CUSTOMERID`, `ORDEREDNUM`, `DELFEE`, `PAYMENT`, `PAYMENTMETHOD`, `ORDEREDSTATS`, `ORDEREDREMARKS`, `CLAIMEDADTE`, `HVIEW`, `USERID`) VALUES
(1, '2019-08-21 06:24:24', 9, 93, 0, 0, 'Cash on Delivery', 'Cancelled', 'Your order has been cancelled due to lack of communication and incomplete information.', '0000-00-00 00:00:00', 0, 0),
(3, '2019-08-21 06:27:09', 9, 94, 70, 269, 'Cash on Delivery', 'Confirmed', 'Your order has been confirmed.', '2019-08-21 00:00:00', 1, 0),
(4, '2022-08-15 06:13:51', 10, 95, 70, 219, 'Cash on Delivery', 'Confirmed', 'Your order has been confirmed.', '2022-08-16 00:00:00', 0, 0),
(5, '2022-08-16 01:51:55', 11, 96, 0, 408, 'Cash on Delivery', 'Confirmed', 'Your order has been confirmed.', '2022-08-16 00:00:00', 0, 0),
(7, '2022-08-17 12:19:59', 12, 97, 50, 408, 'Cash on Delivery', 'Cancelled', 'Your order has been cancelled due to lack of communication and incomplete information.', '0000-00-00 00:00:00', 0, 0),
(9, '2022-08-29 07:37:21', 13, 99, 50, 119, 'Cash on Delivery', 'Pending', 'Your order is on process.', '0000-00-00 00:00:00', 0, 0),
(10, '2022-08-30 03:29:38', 15, 101, 0, 79.99, 'Cash on Delivery', 'Pending', 'Your order is on process.', '0000-00-00 00:00:00', 0, 0);

-- --------------------------------------------------------

--
-- Table structure for table `tbluseraccount`
--

DROP TABLE IF EXISTS `tbluseraccount`;
CREATE TABLE `tbluseraccount` (
  `USERID` int(11) NOT NULL,
  `U_NAME` varchar(122) NOT NULL,
  `U_USERNAME` varchar(122) NOT NULL,
  `U_PASS` varchar(122) NOT NULL,
  `U_ROLE` varchar(30) NOT NULL,
  `USERIMAGE` varchar(255) NOT NULL
) ENGINE=InnoDB DEFAULT CHARSET=latin1;

--
-- Dumping data for table `tbluseraccount`
--

INSERT INTO `tbluseraccount` (`USERID`, `U_NAME`, `U_USERNAME`, `U_PASS`, `U_ROLE`, `USERIMAGE`) VALUES
(124, 'Aurora', 'Kucing', '9a6eb2faf1f80f2314bf86b04a56b4d2bbea8b74', 'Staff', 'photos/COC-war-base-design.jpg'),
(127, 'Manager', 'Manager', '9a6eb2faf1f80f2314bf86b04a56b4d2bbea8b74', 'Encoder', ''),
(128, 'Handsome', 'Sky', '9a6eb2faf1f80f2314bf86b04a56b4d2bbea8b74', 'Administrator', 'photos/FirdausHamid.jpg');

-- --------------------------------------------------------

--
-- Table structure for table `tblwishlist`
--

DROP TABLE IF EXISTS `tblwishlist`;
CREATE TABLE `tblwishlist` (
  `id` int(11) NOT NULL,
  `CUSID` int(11) NOT NULL,
  `PROID` int(11) NOT NULL,
  `WISHDATE` date NOT NULL,
  `WISHSTATS` text NOT NULL
) ENGINE=InnoDB DEFAULT CHARSET=latin1;

--
-- Dumping data for table `tblwishlist`
--

INSERT INTO `tblwishlist` (`id`, `CUSID`, `PROID`, `WISHDATE`, `WISHSTATS`) VALUES
(2, 9, 201742, '2019-08-21', '0'),
(3, 10, 201740, '2022-08-15', '0'),
(4, 12, 201742, '2022-08-17', '0'),
(5, 13, 201737, '2022-08-29', '0'),
(6, 15, 201741, '2022-08-30', '0');

--
-- Indexes for dumped tables
--

--
-- Indexes for table `messagein`
--
ALTER TABLE `messagein`
  ADD PRIMARY KEY (`Id`);

--
-- Indexes for table `messagelog`
--
ALTER TABLE `messagelog`
  ADD PRIMARY KEY (`Id`),
  ADD KEY `IDX_MessageId` (`MessageId`,`SendTime`);

--
-- Indexes for table `messageout`
--
ALTER TABLE `messageout`
  ADD PRIMARY KEY (`Id`),
  ADD KEY `IDX_IsRead` (`IsRead`);

--
-- Indexes for table `tblautonumber`
--
ALTER TABLE `tblautonumber`
  ADD PRIMARY KEY (`ID`);

--
-- Indexes for table `tblcategory`
--
ALTER TABLE `tblcategory`
  ADD PRIMARY KEY (`CATEGID`);

--
-- Indexes for table `tblcustomer`
--
ALTER TABLE `tblcustomer`
  ADD PRIMARY KEY (`CUSTOMERID`);

--
-- Indexes for table `tblorder`
--
ALTER TABLE `tblorder`
  ADD PRIMARY KEY (`ORDERID`),
  ADD KEY `USERID` (`USERID`),
  ADD KEY `PROID` (`PROID`),
  ADD KEY `ORDEREDNUM` (`ORDEREDNUM`);

--
-- Indexes for table `tblproduct`
--
ALTER TABLE `tblproduct`
  ADD PRIMARY KEY (`PROID`),
  ADD KEY `CATEGID` (`CATEGID`),
  ADD KEY `PROPRICE` (`PROPRICE`);

--
-- Indexes for table `tblpromopro`
--
ALTER TABLE `tblpromopro`
  ADD PRIMARY KEY (`PROMOID`),
  ADD UNIQUE KEY `PROID` (`PROID`);

--
-- Indexes for table `tblsetting`
--
ALTER TABLE `tblsetting`
  ADD PRIMARY KEY (`SETTINGID`);

--
-- Indexes for table `tblstockin`
--
ALTER TABLE `tblstockin`
  ADD PRIMARY KEY (`STOCKINID`),
  ADD KEY `PROID` (`PROID`,`USERID`),
  ADD KEY `USERID` (`USERID`);

--
-- Indexes for table `tblsummary`
--
ALTER TABLE `tblsummary`
  ADD PRIMARY KEY (`SUMMARYID`),
  ADD UNIQUE KEY `ORDEREDNUM` (`ORDEREDNUM`),
  ADD KEY `CUSTOMERID` (`CUSTOMERID`),
  ADD KEY `USERID` (`USERID`);

--
-- Indexes for table `tbluseraccount`
--
ALTER TABLE `tbluseraccount`
  ADD PRIMARY KEY (`USERID`);

--
-- Indexes for table `tblwishlist`
--
ALTER TABLE `tblwishlist`
  ADD PRIMARY KEY (`id`);

--
-- AUTO_INCREMENT for dumped tables
--

--
-- AUTO_INCREMENT for table `messagein`
--
ALTER TABLE `messagein`
  MODIFY `Id` int(11) NOT NULL AUTO_INCREMENT, AUTO_INCREMENT=7;

--
-- AUTO_INCREMENT for table `messagelog`
--
ALTER TABLE `messagelog`
  MODIFY `Id` int(11) NOT NULL AUTO_INCREMENT, AUTO_INCREMENT=28;

--
-- AUTO_INCREMENT for table `messageout`
--
ALTER TABLE `messageout`
  MODIFY `Id` int(11) NOT NULL AUTO_INCREMENT;

--
-- AUTO_INCREMENT for table `tblautonumber`
--
ALTER TABLE `tblautonumber`
  MODIFY `ID` int(11) NOT NULL AUTO_INCREMENT, AUTO_INCREMENT=3;

--
-- AUTO_INCREMENT for table `tblcategory`
--
ALTER TABLE `tblcategory`
  MODIFY `CATEGID` int(11) NOT NULL AUTO_INCREMENT, AUTO_INCREMENT=20;

--
-- AUTO_INCREMENT for table `tblcustomer`
--
ALTER TABLE `tblcustomer`
  MODIFY `CUSTOMERID` int(11) NOT NULL AUTO_INCREMENT, AUTO_INCREMENT=16;

--
-- AUTO_INCREMENT for table `tblorder`
--
ALTER TABLE `tblorder`
  MODIFY `ORDERID` int(11) NOT NULL AUTO_INCREMENT, AUTO_INCREMENT=11;

--
-- AUTO_INCREMENT for table `tblpromopro`
--
ALTER TABLE `tblpromopro`
  MODIFY `PROMOID` int(11) NOT NULL AUTO_INCREMENT, AUTO_INCREMENT=16;

--
-- AUTO_INCREMENT for table `tblsetting`
--
ALTER TABLE `tblsetting`
  MODIFY `SETTINGID` int(11) NOT NULL AUTO_INCREMENT, AUTO_INCREMENT=3;

--
-- AUTO_INCREMENT for table `tblstockin`
--
ALTER TABLE `tblstockin`
  MODIFY `STOCKINID` int(11) NOT NULL AUTO_INCREMENT, AUTO_INCREMENT=8;

--
-- AUTO_INCREMENT for table `tblsummary`
--
ALTER TABLE `tblsummary`
  MODIFY `SUMMARYID` int(11) NOT NULL AUTO_INCREMENT, AUTO_INCREMENT=11;

--
-- AUTO_INCREMENT for table `tbluseraccount`
--
ALTER TABLE `tbluseraccount`
  MODIFY `USERID` int(11) NOT NULL AUTO_INCREMENT, AUTO_INCREMENT=129;

--
-- AUTO_INCREMENT for table `tblwishlist`
--
ALTER TABLE `tblwishlist`
  MODIFY `id` int(11) NOT NULL AUTO_INCREMENT, AUTO_INCREMENT=7;
COMMIT;

/*!40101 SET CHARACTER_SET_CLIENT=@OLD_CHARACTER_SET_CLIENT */;
/*!40101 SET CHARACTER_SET_RESULTS=@OLD_CHARACTER_SET_RESULTS */;
/*!40101 SET COLLATION_CONNECTION=@OLD_COLLATION_CONNECTION */;
